{"accuracy": [0.5863006114959717, 0.8538302779197693, 0.9125257730484009], "loss": [1.4033454656600952, 0.4634653627872467, 0.2713831961154938], "val_accuracy": [0.8153881430625916, 0.8870362043380737, 0.9113362431526184], "val_loss": [0.5740889310836792, 0.3488757312297821, 0.2750994861125946]}